{"options":{"awareOfChrome":false,"check_for_updates":true,"comment":null,"compat_arrayleft":false,"compat_foreach":false,"compat_forvarin":false,"compat_metadata":false,"compat_uW_gmonkey":false,"compat_wrappedjsobject":false,"compatopts_for_requires":true,"noframes":null,"override":{"merge_connects":true,"merge_excludes":true,"merge_includes":true,"merge_matches":true,"orig_connects":[],"orig_excludes":["http://res.yytou.cn/*","http://sword.mud.yytou.cn/*"],"orig_includes":[],"orig_matches":["http://*.yytou.cn/*"],"orig_noframes":null,"orig_run_at":"document-idle","use_blockers":[],"use_connects":[],"use_excludes":[],"use_includes":[],"use_matches":[]},"run_at":null},"settings":{"enabled":false,"position":1},"meta":{"name":"论剑小号辅助版","uuid":"07d73fa4-1ab6-4fe0-a7f0-127c2cb07f38","modified":1556685549536}}